,RMSE,SMAPE,RMSSE,Total_Train_Time,Horizon,Model
TimeGPT,30.22916368438379,1.4930988564921353,1.056986379325261,3.634995222091675,12,TimeGPT
